{
  "cli": {
    "version": ">= 5.0.0"
  },
  "build": {
    "development": {
      "developmentClient": true,
      "distribution": "internal"
    },
    "preview": {
      "distribution": "internal",
      "android": {
        "buildType": "apk"
      }
    },
    "production": {
      "android": {
        "buildType": "app-bundle"
      },
      "ios": {
        "autoIncrement": true
      }
    }
  },
  "submit": {
    "production": {
      "android": {
        "serviceAccountKeyPath": "./google-services.json",
        "track": "production"
      },
      "ios": {
        "appleId": "your-apple-id@email.com",
        "ascAppId": "your-app-store-connect-app-id",
        "appleTeamId": "your-team-id"
      }
    }
  }
}
